id,first_name,last_name,email,gender,ip_address
1,Rosy,Gueny,rgueny0@bloglines.com,Female,238.183.238.166
2,Gregor,Pain,gpain1@virginia.edu,Male,54.222.99.135
3,Janel,Duplock,jduplock2@exblog.jp,Female,161.251.227.240
4,Raynell,Arnely,rarnely3@cargocollective.com,Bigender,108.149.209.22
5,Kalli,Ludovici,kludovici4@networkadvertising.org,Female,79.67.248.66
6,Sunny,Ivanchenkov,sivanchenkov5@rakuten.co.jp,Female,41.210.174.135
7,Concettina,Ravillas,cravillas6@dyndns.org,Polygender,51.126.184.34
8,Janella,Willarton,jwillarton7@nifty.com,Female,111.17.78.199
9,Sada,Berntsson,sberntsson8@oakley.com,Female,198.7.80.225
10,Gwennie,Siss,gsiss9@marketwatch.com,Agender,40.71.97.23
11,Daniella,Rudall,drudalla@indiatimes.com,Female,23.34.185.65
12,Denver,Lamshead,dlamsheadb@dmoz.org,Male,47.150.160.253
13,Lyle,Caughte,lcaughtec@telegraph.co.uk,Male,240.1.4.23
14,Veronique,Zanolli,vzanollid@sphinn.com,Female,33.150.25.226
15,Yule,Gumm,ygumme@usgs.gov,Male,26.110.252.115
16,Constantino,Vlahos,cvlahosf@forbes.com,Male,139.9.27.204
17,Lucio,Smyley,lsmyleyg@china.com.cn,Male,125.178.105.111
18,Torrey,Trevallion,ttrevallionh@altervista.org,Male,50.157.221.86
